title,price_gbp,price_inr,rating,in_stock,category
It's Only the Himalayas,45.17,4765.435,2,True,Travel
Full Moon over Noah’s Ark: An Odyssey to Mount Ararat and Beyond,49.43,5214.865,4,True,Travel
See America: A Celebration of Our National Parks & Treasured Sites,48.87,5155.785,3,True,Travel
Vagabonding: An Uncommon Guide to the Art of Long-Term World Travel,36.94,3897.1699999999996,2,True,Travel
Under the Tuscan Sun,37.33,3938.3149999999996,3,True,Travel
A Summer In Europe,44.34,4677.870000000001,2,True,Travel
The Great Railway Bazaar,30.54,3221.97,1,True,Travel
A Year in Provence (Provence #1),56.88,6000.84,4,True,Travel
The Road to Little Dribbling: Adventures of an American in Britain (Notes From a Small Island #2),23.21,2448.655,1,True,Travel
Neither Here nor There: Travels in Europe,38.95,4109.225,3,True,Travel
"1,000 Places to See Before You Die",26.08,2751.4399999999996,5,True,Travel
Sharp Objects,47.82,5045.01,4,True,Mystery
"In a Dark, Dark Wood",19.63,2070.9649999999997,1,True,Mystery
The Past Never Ends,56.5,5960.75,4,True,Mystery
A Murder in Time,16.64,1755.52,1,True,Mystery
The Murder of Roger Ackroyd (Hercule Poirot #4),44.1,4652.55,4,True,Mystery
The Last Mile (Amos Decker #2),54.21,5719.155,2,True,Mystery
That Darkness (Gardiner and Renner #1),13.92,1468.56,1,True,Mystery
Tastes Like Fear (DI Marnie Rome #3),10.69,1127.7949999999998,1,True,Mystery
A Time of Torment (Charlie Parker #14),48.35,5100.925,5,True,Mystery
A Study in Scarlet (Sherlock Holmes #1),16.73,1765.015,2,True,Mystery
Poisonous (Max Revere Novels #3),26.8,2827.4,3,True,Mystery
Murder at the 42nd Street Library (Raymond Ambler #1),54.36,5734.98,4,True,Mystery
Most Wanted,35.28,3722.04,3,True,Mystery
Hide Away (Eve Duncan #20),11.84,1249.12,1,True,Mystery
Boar Island (Anna Pigeon #19),59.48,6275.139999999999,3,True,Mystery
The Widow,27.26,2875.9300000000003,2,True,Mystery
Playing with Fire,13.71,1446.4050000000002,3,True,Mystery
What Happened on Beale Street (Secrets of the South Mysteries #2),25.37,2676.5350000000003,5,True,Mystery
The Bachelor Girl's Guide to Murder (Herringford and Watts Mysteries #1),52.3,5517.65,5,True,Mystery
Delivering the Truth (Quaker Midwife Mystery #1),20.89,2203.895,4,True,Mystery
The Mysterious Affair at Styles (Hercule Poirot #1),24.8,2616.4,4,True,Mystery
In the Woods (Dublin Murder Squad #1),38.38,4049.09,2,True,Mystery
The Silkworm (Cormoran Strike #2),23.05,2431.775,5,True,Mystery
The Exiled,43.45,4583.975,3,True,Mystery
The Cuckoo's Calling (Cormoran Strike #1),19.21,2026.6550000000002,1,True,Mystery
Extreme Prey (Lucas Davenport #26),25.4,2679.7,3,True,Mystery
Career of Evil (Cormoran Strike #3),24.72,2607.96,2,True,Mystery
The No. 1 Ladies' Detective Agency (No. 1 Ladies' Detective Agency #1),57.7,6087.35,4,True,Mystery
The Girl You Lost,12.29,1296.5949999999998,5,True,Mystery
The Girl In The Ice (DCI Erika Foster #1),15.85,1672.175,3,True,Mystery
Blood Defense (Samantha Brinkman #1),20.3,2141.65,3,True,Mystery
1st to Die (Women's Murder Club #1),53.98,5694.889999999999,1,True,Mystery
Tipping the Velvet,53.74,5669.570000000001,1,True,Historical Fiction
Forever and Forever: The Courtship of Henry Longfellow and Fanny Appleton,29.69,3132.295,3,True,Historical Fiction
A Flight of Arrows (The Pathfinders #2),55.53,5858.415,5,True,Historical Fiction
The House by the Lake,36.95,3898.2250000000004,1,True,Historical Fiction
Mrs. Houdini,30.25,3191.375,5,True,Historical Fiction
The Marriage of Opposites,28.08,2962.4399999999996,4,True,Historical Fiction
Glory over Everything: Beyond The Kitchen House,45.84,4836.120000000001,3,True,Historical Fiction
"Love, Lies and Spies",20.55,2168.025,2,True,Historical Fiction
A Paris Apartment,39.01,4115.554999999999,4,True,Historical Fiction
Lilac Girls,17.28,1823.0400000000002,2,True,Historical Fiction
The Constant Princess (The Tudor Court #1),16.62,1753.41,3,True,Historical Fiction
The Invention of Wings,37.34,3939.3700000000003,1,True,Historical Fiction
World Without End (The Pillars of the Earth #2),32.97,3478.335,4,True,Historical Fiction
The Passion of Dolssa,28.32,2987.76,5,True,Historical Fiction
Girl With a Pearl Earring,26.77,2824.235,1,True,Historical Fiction
Voyager (Outlander #3),21.07,2222.885,5,True,Historical Fiction
The Red Tent,35.66,3762.1299999999997,5,True,Historical Fiction
The Last Painting of Sara de Vos,55.55,5860.525,2,True,Historical Fiction
The Guernsey Literary and Potato Peel Pie Society,49.53,5225.415,1,True,Historical Fiction
Girl in the Blue Coat,46.83,4940.565,2,True,Historical Fiction
Between Shades of Gray,20.79,2193.345,5,True,Historical Fiction
While You Were Mine,41.32,4359.26,5,True,Historical Fiction
The Secret Healer,34.56,3646.0800000000004,3,True,Historical Fiction
Starlark,25.83,2725.0649999999996,3,True,Historical Fiction
Lost Among the Living,27.7,2922.35,4,True,Historical Fiction
A Spy's Devotion (The Regency Spies of London #1),16.97,1790.3349999999998,5,True,Historical Fiction
The Secret Garden,15.08,1590.94,4,True,Classics
The Metamorphosis,28.58,3015.1899999999996,1,True,Classics
The Pilgrim's Progress,50.26,5302.429999999999,2,True,Classics
The Hound of the Baskervilles (Sherlock Holmes #5),14.82,1563.51,2,True,Classics
Little Women (Little Women #1),28.07,2961.385,4,True,Classics
Gone with the Wind,32.49,3427.695,3,True,Classics
Candide,58.63,6185.465,3,True,Classics
Animal Farm,57.22,6036.71,3,True,Classics
Wuthering Heights,17.73,1870.515,3,True,Classics
The Picture of Dorian Gray,29.7,3133.35,2,True,Classics
The Complete Stories and Poems (The Works of Edgar Allan Poe [Cameo Edition]),26.78,2825.29,4,True,Classics
Beowulf,38.35,4045.925,2,True,Classics
And Then There Were None,35.01,3693.555,2,True,Classics
The Story of Hong Gildong,43.19,4556.545,4,True,Classics
The Little Prince,45.42,4791.81,2,True,Classics
Sense and Sensibility,37.46,3952.03,1,True,Classics
Of Mice and Men,47.11,4970.105,2,True,Classics
Emma,32.93,3474.115,2,True,Classics
Alice in Wonderland (Alice's Adventures in Wonderland #1),55.53,5858.415,1,True,Classics
Sophie's World,15.94,1681.6699999999998,5,True,Philosophy
The Death of Humanity: and the Case for Life,58.11,6130.605,4,True,Philosophy
The Stranger,17.44,1839.92,4,True,Philosophy
Proofs of God: Classical Arguments from Tertullian to Barth,54.21,5719.155,1,True,Philosophy
Kierkegaard: A Christian Missionary to Christians,47.13,4972.215,1,True,Philosophy
"At The Existentialist Café: Freedom, Being, and apricot cocktails with: Jean-Paul Sartre, Simone de Beauvoir, Albert Camus, Martin Heidegger, Edmund Husserl, Karl Jaspers, Maurice Merleau-Ponty and others",29.93,3157.615,5,True,Philosophy
Critique of Pure Reason,20.75,2189.125,1,True,Philosophy
"Run, Spot, Run: The Ethics of Keeping Pets",20.02,2112.11,1,True,Philosophy
The Nicomachean Ethics,36.34,3833.8700000000003,1,True,Philosophy
Meditations,25.89,2731.395,2,True,Philosophy
Beyond Good and Evil,43.38,4576.59,1,True,Philosophy
Chase Me (Paris Nights #2),25.27,2665.985,5,True,Romance
Black Dust,34.53,3642.915,5,True,Romance
Her Backup Boyfriend (The Sorensen Family #1),33.97,3583.835,1,True,Romance
First and First (Five Boroughs #3),15.97,1684.835,4,True,Romance
Fifty Shades Darker (Fifty Shades #2),21.96,2316.78,1,True,Romance
The Wedding Dress,24.12,2544.6600000000003,1,True,Romance
Suddenly in Love (Lake Haven #1),55.99,5906.945000000001,2,True,Romance
Something More Than This,16.24,1713.32,4,True,Romance
Doing It Over (Most Likely To #1),35.61,3756.855,3,True,Romance
The Wedding Pact (The O'Malleys #2),32.61,3440.355,3,True,Romance
Hold Your Breath (Search and Rescue #1),28.82,3040.51,1,True,Romance
Dirty (Dive Bar #1),40.83,4307.565,4,True,Romance
Take Me Home Tonight (Rock Star Romance #3),53.98,5694.889999999999,3,True,Romance
Off the Hook (Fishing for Trouble #1),47.67,5029.185,3,True,Romance
A Gentleman's Position (Society of Gentlemen #3),14.75,1556.125,5,True,Romance
"Sit, Stay, Love",20.9,2204.95,3,True,Romance
A Girl's Guide to Moving On (New Beginnings #2),31.3,3302.15,1,True,Romance
The Perfect Play (Play by Play #1),59.99,6328.945000000001,3,True,Romance
Dark Lover (Black Dagger Brotherhood #1),12.87,1357.7849999999999,1,True,Romance
Changing the Game (Play by Play #2),13.38,1411.5900000000001,3,True,Romance
A Walk to Remember,56.43,5953.365,1,True,Romance
The Purest Hook (Second Circle Tattoos #3),12.25,1292.375,1,True,Romance
The Obsession,45.43,4792.865,1,True,Romance
Reservations for Two,11.1,1171.05,3,True,Romance
Best of My Love (Fool's Gold #20),27.41,2891.755,2,True,Romance
Where Lightning Strikes (Bleeding Stars #3),39.77,4195.735000000001,3,True,Romance
This One Moment (Pushing Limits #1),48.71,5138.905,1,True,Romance
"Rhythm, Chord & Malykhin",28.34,2989.87,2,True,Romance
My Perfect Mistake (Over the Top #1),38.92,4106.06,2,True,Romance
Listen to Me (Fusion #1),58.99,6223.445000000001,3,True,Romance
Imperfect Harmony,34.74,3665.07,4,True,Romance
Fighting Fate (Fighting #6),39.24,4139.820000000001,3,True,Romance
Deep Under (Walker Security #1),47.09,4967.995000000001,5,True,Romance
Charity's Cross (Charles Towne Belles #4),41.24,4350.820000000001,1,True,Romance
Bounty (Colorado Mountain #7),37.26,3930.93,4,True,Romance
